Full Name	Email Address	Roll Number	Class and Division	Branch/Department	Preferred Domain(s)	Technical Skills	Preferred Role	Working Preference	Availability	Overall Experience Level	Prior Team Project Experience	Leadership	Communication	Independence	Creativity
Aarav Sharma	aarav.sharma01@example.com	PRN2026001	TE-A	Computer Science & Engineering	AI/ML, Web Development	Python, Java, HTML/CSS, JavaScript	Developer	Collaborative and discussion-oriented	Weekday Evening	Intermediate	Yes	4	5	3	5
Ananya Patil	ananya.patil02@example.com	PRN2026002	TE-A	Computer Science & Engineering	Web Development, UI/UX	HTML/CSS, JavaScript, React, Figma	UI/UX Designer	Brainstorming and collaborative	Weekday Evening	Beginner	Yes	3	5	2	5
Rohan Kulkarni	rohan.kulkarni03@example.com	PRN2026003	TE-A	Computer Science & Engineering	AI/ML, Data Science	Python, SQL, Pandas, Machine Learning	Data Analyst	Independent task-focused	Weekday Night	Intermediate	Yes	2	4	5	4
Sneha Joshi	sneha.joshi04@example.com	PRN2026004	TE-A	Information Technology	Cybersecurity, Cloud Computing	Python, Linux, Networking, AWS	Cybersecurity Specialist	Closely collaborative	Weekend	Intermediate	Yes	4	4	3	3
Vedant Deshmukh	vedant.deshmukh05@example.com	PRN2026005	TE-A	Computer Science & Engineering	Cloud Computing, DevOps	AWS, Docker, Linux, Git, Python	Cloud/DevOps Engineer	Independent with occasional discussions	Weekday Evening	Advanced	Yes	4	4	5	3
Isha Mehta	isha.mehta06@example.com	PRN2026006	TE-A	Artificial Intelligence	AI/ML, Data Science	Python, TensorFlow, NumPy, Pandas	ML Engineer	Team brainstorming	Weekday Night	Advanced	Yes	3	5	3	5
Kunal Shah	kunal.shah07@example.com	PRN2026007	TE-A	Computer Science & Engineering	Web Development, App Development	Java, JavaScript, React, SQL	Backend Developer	Independent task completion	Weekday Evening	Intermediate	Yes	3	4	5	3
Priya Nair	priya.nair08@example.com	PRN2026008	TE-A	Computer Science & Engineering	UI/UX, Web Development	Figma, HTML/CSS, JavaScript, Canva	UI/UX Designer	Brainstorming and collaborative	Weekend	Beginner	No	2	5	2	5
Aditya More	aditya.more09@example.com	PRN2026009	TE-A	Computer Science & Engineering	AI/ML, Cybersecurity	Python, C++, Machine Learning, Linux	Developer	Balanced independent and teamwork	Weekday Evening	Intermediate	Yes	4	4	4	4
Neha Pawar	neha.pawar10@example.com	PRN2026010	TE-A	Information Technology	Cloud Computing, Web Development	AWS, HTML/CSS, JavaScript, Git	Cloud Engineer	Collaborative and discussion-oriented	Weekday Evening	Intermediate	Yes	3	5	3	4
Arjun Singh	arjun.singh11@example.com	PRN2026011	TE-A	Computer Science & Engineering	Data Science, AI/ML	Python, SQL, Excel, Pandas	Data Scientist	Independent focused work	Weekday Night	Intermediate	Yes	2	4	5	4
Kavya Desai	kavya.desai12@example.com	PRN2026012	TE-A	Computer Science & Engineering	Web Development, Cloud Computing	JavaScript, React, Node.js, AWS	Full Stack Developer	Closely collaborative	Weekday Evening	Advanced	Yes	4	5	3	4
Siddharth Joshi	siddharth.joshi13@example.com	PRN2026013	TE-A	Information Technology	Cybersecurity, Networking	Python, Linux, Networking, C++	Cybersecurity Specialist	Independent with regular updates	Weekend	Intermediate	Yes	3	4	5	3
Riya Kulkarni	riya.kulkarni14@example.com	PRN2026014	TE-A	Computer Science & Engineering	AI/ML, UI/UX	Python, Figma, Canva, Machine Learning	AI/UX Researcher	Brainstorming and idea generation	Weekday Evening	Beginner	Yes	3	5	2	5
Manav Gupta	manav.gupta15@example.com	PRN2026015	TE-A	Computer Science & Engineering	App Development, Web Development	Java, Android, Kotlin, Firebase	App Developer	Independent module work	Weekday Night	Intermediate	Yes	4	3	5	3
Tanvi Bhosale	tanvi.bhosale16@example.com	PRN2026016	TE-B	Computer Science & Engineering	Data Science, AI/ML	Python, SQL, Power BI, Pandas	Data Analyst	Collaborative problem solving	Weekday Evening	Intermediate	Yes	2	5	3	4
Omkar Jadhav	omkar.jadhav17@example.com	PRN2026017	TE-B	Computer Science & Engineering	Cloud Computing, DevOps	AWS, Docker, Kubernetes, Linux	DevOps Engineer	Independent technical work	Weekend	Advanced	Yes	4	3	5	3
Aditi Shah	aditi.shah18@example.com	PRN2026018	TE-B	Computer Science & Engineering	Web Development, UI/UX	HTML/CSS, JavaScript, Figma, React	Frontend Developer	Collaborative brainstorming	Weekday Evening	Intermediate	Yes	3	5	3	5
Harsh Vaidya	harsh.vaidya19@example.com	PRN2026019	TE-B	Information Technology	Cybersecurity, Cloud Computing	Python, AWS, Linux, Networking	Security Engineer	Balanced independent and teamwork	Weekday Night	Intermediate	Yes	4	4	4	4
Simran Kaur	simran.kaur20@example.com	PRN2026020	TE-B	Computer Science & Engineering	AI/ML, Data Science	Python, TensorFlow, SQL, NumPy	ML Engineer	Team discussion and brainstorming	Weekend	Advanced	Yes	3	5	3	5
Yash Thakur	yash.thakur21@example.com	PRN2026021	TE-B	Computer Science & Engineering	Web Development, App Development	Java, React, Node.js, MongoDB	Full Stack Developer	Independent assigned tasks	Weekday Evening	Advanced	Yes	5	4	5	4
Sakshi More	sakshi.more22@example.com	PRN2026022	TE-B	Computer Science & Engineering	UI/UX, Web Development	Figma, HTML/CSS, JavaScript, Canva	UI/UX Designer	Highly collaborative	Weekday Evening	Beginner	No	2	5	2	5
Nikhil Patil	nikhil.patil23@example.com	PRN2026023	TE-B	Computer Science & Engineering	AI/ML, Cloud Computing	Python, AWS, Docker, Machine Learning	AI Engineer	Independent with regular meetings	Weekend	Intermediate	Yes	4	4	5	4
Mrunal Joshi	mrunal.joshi24@example.com	PRN2026024	TE-B	Information Technology	Data Science, Web Development	Python, SQL, Power BI, JavaScript	Data Analyst	Task division and collaboration	Weekday Evening	Beginner	Yes	2	4	3	4
Akash Chavan	akash.chavan25@example.com	PRN2026025	TE-B	Computer Science & Engineering	Cloud Computing, Cybersecurity	AWS, Linux, Networking, Python	Cloud Security Engineer	Takes ownership of technical tasks	Weekday Night	Advanced	Yes	5	4	5	3
Pooja Rane	pooja.rane26@example.com	PRN2026026	TE-B	Computer Science & Engineering	Web Development, AI/ML	Python, JavaScript, React, Flask	Full Stack Developer	Brainstorm before implementation	Weekday Evening	Intermediate	Yes	3	5	3	5
Dhruv Shah	dhruv.shah27@example.com	PRN2026027	TE-B	Computer Science & Engineering	Data Science, AI/ML	Python, SQL, R, Pandas	Data Scientist	Focused independent work	Weekend	Advanced	Yes	2	3	5	4
Meera Iyer	meera.iyer28@example.com	PRN2026028	TE-B	Computer Science & Engineering	UI/UX, App Development	Figma, Flutter, Dart, Canva	UI/UX Designer	Collaborative and creative	Weekday Evening	Intermediate	Yes	3	5	2	5
Vikram Sane	vikram.sane29@example.com	PRN2026029	TE-B	Information Technology	DevOps, Cloud Computing	AWS, Docker, Git, Linux	DevOps Engineer	Independent with clear responsibilities	Weekday Night	Intermediate	Yes	4	4	5	3
Nandini Rao	nandini.rao30@example.com	PRN2026030	TE-B	Computer Science & Engineering	AI/ML, Web Development	Python, JavaScript, Flask, Machine Learning	AI Developer	Frequent collaboration and updates	Weekday Evening	Intermediate	Yes	3	5	3	5
Rahul Joshi	rahul.joshi31@example.com	PRN2026031	TE-C	Computer Science & Engineering	Web Development, Cloud Computing	Java, Spring Boot, AWS, SQL	Backend Developer	Independent with team check-ins	Weekday Evening	Advanced	Yes	4	4	5	3
Shreya Patil	shreya.patil32@example.com	PRN2026032	TE-C	Computer Science & Engineering	AI/ML, Data Science	Python, Scikit-learn, Pandas, SQL	ML Engineer	Highly collaborative	Weekend	Intermediate	Yes	3	5	3	5
Atharva Kulkarni	atharva.kulkarni33@example.com	PRN2026033	TE-C	Information Technology	Cybersecurity, Networking	Linux, Python, Networking, Wireshark	Security Analyst	Independent technical work	Weekday Night	Intermediate	Yes	4	4	5	3
Diya Desai	diya.desai34@example.com	PRN2026034	TE-C	Computer Science & Engineering	UI/UX, Web Development	Figma, HTML/CSS, JavaScript, Photoshop	UI/UX Designer	Creative team collaboration	Weekday Evening	Beginner	Yes	2	5	2	5
Saurabh More	saurabh.more35@example.com	PRN2026035	TE-C	Computer Science & Engineering	Cloud Computing, DevOps	AWS, Docker, Linux, Git	DevOps Engineer	Independent task-oriented	Weekend	Advanced	Yes	5	4	5	3
Anushka Rao	anushka.rao36@example.com	PRN2026036	TE-C	Computer Science & Engineering	Data Science, AI/ML	Python, R, SQL, Power BI	Data Scientist	Team brainstorming	Weekday Evening	Intermediate	Yes	3	5	3	4
Parth Shah	parth.shah37@example.com	PRN2026037	TE-C	Computer Science & Engineering	App Development, Web Development	Java, Kotlin, Firebase, Android	App Developer	Balanced teamwork and independent work	Weekday Night	Intermediate	Yes	4	4	4	4
Mansi Pawar	mansi.pawar38@example.com	PRN2026038	TE-C	Information Technology	Web Development, UI/UX	React, JavaScript, Figma, CSS	Frontend Developer	Collaborative and idea-oriented	Weekday Evening	Intermediate	No	3	5	2	5
Soham Chavan	soham.chavan39@example.com	PRN2026039	TE-C	Computer Science & Engineering	AI/ML, Cloud Computing	Python, AWS, TensorFlow, Docker	AI Engineer	Independent with regular coordination	Weekend	Advanced	Yes	4	4	5	4
Ishita Nair	ishita.nair40@example.com	PRN2026040	TE-C	Computer Science & Engineering	Web Development, Data Science	Python, JavaScript, SQL, Flask	Full Stack Developer	Collaborative task division	Weekday Evening	Intermediate	Yes	3	5	3	4
Rudra Singh	rudra.singh41@example.com	PRN2026041	TE-C	Information Technology	Cybersecurity, Cloud Computing	AWS, Linux, Python, Networking	Security Engineer	Independent focused work	Weekday Night	Advanced	Yes	5	4	5	3
Aarya Mehta	aarya.mehta42@example.com	PRN2026042	TE-C	Computer Science & Engineering	AI/ML, UI/UX	Python, Figma, Machine Learning, Canva	AI/UX Designer	Brainstorming and collaboration	Weekend	Beginner	No	2	5	2	5
Vivek Jadhav	vivek.jadhav43@example.com	PRN2026043	TE-C	Computer Science & Engineering	Cloud Computing, Web Development	AWS, React, Node.js, Git	Cloud Developer	Independent implementation with meetings	Weekday Evening	Intermediate	Yes	4	4	5	4
Rhea Kapoor	rhea.kapoor44@example.com	PRN2026044	TE-C	Computer Science & Engineering	Data Science, AI/ML	Python, NumPy, Pandas, SQL	Data Analyst	Collaborative and discussion-oriented	Weekday Evening	Intermediate	Yes	3	5	3	4
Yuvraj Patil	yuvraj.patil45@example.com	PRN2026045	TE-C	Computer Science & Engineering	Web Development, App Development	Java, React, Flutter, Firebase	Full Stack Developer	Independent task completion	Weekend	Intermediate	Yes	4	4	5	3
Sana Khan	sana.khan46@example.com	PRN2026046	TE-C	Information Technology	UI/UX, Web Development	Figma, HTML/CSS, JavaScript, Canva	UI/UX Designer	Highly collaborative and creative	Weekday Evening	Beginner	Yes	2	5	2	5
Amey Deshpande	amey.deshpande47@example.com	PRN2026047	TE-C	Computer Science & Engineering	DevOps, Cloud Computing	AWS, Docker, Kubernetes, Linux	DevOps Engineer	Independent technical work	Weekday Night	Advanced	Yes	5	4	5	3
Vaishnavi More	vaishnavi.more48@example.com	PRN2026048	TE-C	Computer Science & Engineering	AI/ML, Web Development	Python, JavaScript, React, Flask	AI Developer	Balanced teamwork and independent work	Weekday Evening	Intermediate	Yes	3	5	4	5
Reyansh Gupta	reyansh.gupta49@example.com	PRN2026049	TE-C	Information Technology	Cybersecurity, Data Science	Python, SQL, Linux, Machine Learning	Security Data Analyst	Independent with team discussions	Weekend	Intermediate	Yes	4	4	5	4
Avni Joshi	avni.joshi50@example.com	PRN2026050	TE-C	Computer Science & Engineering	Web Development, AI/ML	HTML/CSS, JavaScript, Python, React	Frontend Developer	Collaborative brainstorming	Weekday Evening	Beginner	Yes	2	5	2	5
Kartik Bhandari	kartik.bhandari51@example.com	PRN2026051	TE-A	Computer Science & Engineering	AI/ML, Cloud Computing	Python, AWS, TensorFlow, Docker	AI Engineer	Balanced teamwork and independent work	Weekday Evening	Advanced	Yes	4	5	4	5
Rutuja Kale	rutuja.kale52@example.com	PRN2026052	TE-A	Computer Science & Engineering	Web Development, UI/UX	HTML/CSS, JavaScript, React, Figma	Frontend Developer	Highly collaborative	Weekday Evening	Intermediate	Yes	3	5	2	5
Abhishek Pawar	abhishek.pawar53@example.com	PRN2026053	TE-A	Information Technology	Cybersecurity, Cloud Computing	Linux, AWS, Python, Networking	Security Engineer	Independent technical work	Weekday Night	Advanced	Yes	5	4	5	3
Mitali Shah	mitali.shah54@example.com	PRN2026054	TE-A	Computer Science & Engineering	Data Science, AI/ML	Python, Pandas, SQL, Power BI	Data Analyst	Collaborative problem solving	Weekend	Intermediate	Yes	2	5	3	4
Raj Malhotra	raj.malhotra55@example.com	PRN2026055	TE-A	Computer Science & Engineering	Web Development, App Development	Java, Spring Boot, Android, SQL	Backend Developer	Independent task completion	Weekday Evening	Advanced	Yes	4	4	5	3
Ayesha Khan	ayesha.khan56@example.com	PRN2026056	TE-A	Computer Science & Engineering	UI/UX, Web Development	Figma, Canva, HTML/CSS, JavaScript	UI/UX Designer	Brainstorming and creative collaboration	Weekend	Beginner	No	2	5	2	5
Pranav Joshi	pranav.joshi57@example.com	PRN2026057	TE-A	Computer Science & Engineering	Cloud Computing, DevOps	AWS, Docker, Git, Linux	DevOps Engineer	Independent with regular meetings	Weekday Night	Intermediate	Yes	4	4	5	3
Shivani Patil	shivani.patil58@example.com	PRN2026058	TE-A	Computer Science & Engineering	AI/ML, Web Development	Python, Flask, JavaScript, Machine Learning	AI Developer	Collaborative and discussion-oriented	Weekday Evening	Intermediate	Yes	3	5	3	5
Ritesh More	ritesh.more59@example.com	PRN2026059	TE-A	Information Technology	Networking, Cybersecurity	C++, Linux, Networking, Wireshark	Network Security Engineer	Independent focused work	Weekend	Intermediate	Yes	4	4	5	3
Pallavi Desai	pallavi.desai60@example.com	PRN2026060	TE-A	Computer Science & Engineering	Data Science, AI/ML	Python, R, SQL, NumPy	Data Scientist	Team brainstorming	Weekday Night	Advanced	Yes	3	5	3	5
Akshay Kulkarni	akshay.kulkarni61@example.com	PRN2026061	TE-A	Computer Science & Engineering	Web Development, Cloud Computing	React, Node.js, AWS, MongoDB	Full Stack Developer	Balanced independent and teamwork	Weekday Evening	Advanced	Yes	4	5	4	4
Komal Jadhav	komal.jadhav62@example.com	PRN2026062	TE-A	Computer Science & Engineering	UI/UX, App Development	Figma, Flutter, Dart, Canva	UI/UX Designer	Creative and collaborative	Weekend	Intermediate	Yes	2	5	2	5
Sanket Pawar	sanket.pawar63@example.com	PRN2026063	TE-A	Information Technology	Cloud Computing, DevOps	AWS, Kubernetes, Docker, Linux	Cloud Engineer	Independent technical work	Weekday Night	Advanced	Yes	5	4	5	3
Nisha Rao	nisha.rao64@example.com	PRN2026064	TE-A	Computer Science & Engineering	AI/ML, Data Science	Python, Scikit-learn, SQL, Pandas	ML Engineer	Collaborative brainstorming	Weekday Evening	Intermediate	Yes	3	5	3	5
Tejas Sane	tejas.sane65@example.com	PRN2026065	TE-A	Computer Science & Engineering	App Development, Web Development	Java, Kotlin, Firebase, React	App Developer	Independent module work	Weekend	Intermediate	Yes	4	3	5	3
Priti Chavan	priti.chavan66@example.com	PRN2026066	TE-B	Computer Science & Engineering	Web Development, UI/UX	HTML/CSS, JavaScript, Figma, Bootstrap	Frontend Developer	Highly collaborative	Weekday Evening	Beginner	No	2	5	2	5
Mihir Shah	mihir.shah67@example.com	PRN2026067	TE-B	Computer Science & Engineering	AI/ML, Cybersecurity	Python, C++, Linux, Machine Learning	AI Security Engineer	Independent with team check-ins	Weekday Night	Advanced	Yes	5	4	5	4
Shruti Nair	shruti.nair68@example.com	PRN2026068	TE-B	Information Technology	Data Science, Web Development	Python, SQL, Power BI, JavaScript	Data Analyst	Collaborative task division	Weekday Evening	Intermediate	Yes	3	5	3	4
Chirag Mehta	chirag.mehta69@example.com	PRN2026069	TE-B	Computer Science & Engineering	Cloud Computing, Cybersecurity	AWS, Linux, Python, Networking	Cloud Security Engineer	Independent technical work	Weekend	Advanced	Yes	5	4	5	3
Radhika Joshi	radhika.joshi70@example.com	PRN2026070	TE-B	Computer Science & Engineering	AI/ML, UI/UX	Python, Figma, Canva, TensorFlow	AI/UX Designer	Brainstorming and creative teamwork	Weekday Evening	Beginner	Yes	2	5	2	5
Nirav Patel	nirav.patel71@example.com	PRN2026071	TE-B	Computer Science & Engineering	Web Development, Cloud Computing	Node.js, React, AWS, MongoDB	Full Stack Developer	Balanced independent and teamwork	Weekday Night	Advanced	Yes	4	5	4	4
Sakshi Kulkarni	sakshi.kulkarni72@example.com	PRN2026072	TE-B	Computer Science & Engineering	Data Science, AI/ML	Python, R, Pandas, SQL	Data Scientist	Independent focused work	Weekend	Advanced	Yes	2	4	5	4
Rohan Desai	rohan.desai73@example.com	PRN2026073	TE-B	Information Technology	Cybersecurity, Networking	Linux, Python, Networking, C++	Cybersecurity Analyst	Independent task-oriented	Weekday Night	Intermediate	Yes	4	4	5	3
Snehal Patil	snehal.patil74@example.com	PRN2026074	TE-B	Computer Science & Engineering	Web Development, UI/UX	React, JavaScript, Figma, CSS	Frontend Developer	Collaborative and creative	Weekday Evening	Intermediate	Yes	3	5	3	5
Amit Joshi	amit.joshi75@example.com	PRN2026075	TE-B	Computer Science & Engineering	DevOps, Cloud Computing	AWS, Docker, Kubernetes, Git	DevOps Engineer	Independent with clear responsibilities	Weekend	Advanced	Yes	5	4	5	3
Ishani More	ishani.more76@example.com	PRN2026076	TE-B	Computer Science & Engineering	AI/ML, Web Development	Python, JavaScript, Flask, React	AI Developer	Balanced teamwork and individual work	Weekday Evening	Intermediate	Yes	3	5	4	5
Varun Singh	varun.singh77@example.com	PRN2026077	TE-B	Information Technology	Data Science, AI/ML	Python, SQL, Tableau, Pandas	Data Analyst	Independent with occasional discussion	Weekday Night	Intermediate	Yes	3	4	5	4
Maya Iyer	maya.iyer78@example.com	PRN2026078	TE-B	Computer Science & Engineering	UI/UX, Web Development	Figma, HTML/CSS, JavaScript, Canva	UI/UX Designer	Highly collaborative	Weekend	Beginner	No	2	5	2	5
Sahil Gupta	sahil.gupta79@example.com	PRN2026079	TE-B	Computer Science & Engineering	App Development, Cloud Computing	Java, Android, Firebase, AWS	App Developer	Independent technical work	Weekday Evening	Intermediate	Yes	4	4	5	3
Neelam Pawar	neelam.pawar80@example.com	PRN2026080	TE-B	Computer Science & Engineering	AI/ML, Data Science	Python, TensorFlow, NumPy, SQL	ML Engineer	Team brainstorming and collaboration	Weekend	Advanced	Yes	3	5	3	5
Harshad Jadhav	harshad.jadhav81@example.com	PRN2026081	TE-C	Computer Science & Engineering	Cloud Computing, DevOps	AWS, Docker, Linux, Terraform	Cloud Engineer	Independent with regular coordination	Weekday Night	Advanced	Yes	5	4	5	3
Riya Mehta	riya.mehta82@example.com	PRN2026082	TE-C	Computer Science & Engineering	Web Development, UI/UX	HTML/CSS, React, JavaScript, Figma	Frontend Developer	Collaborative brainstorming	Weekday Evening	Intermediate	Yes	3	5	3	5
Dev Joshi	dev.joshi83@example.com	PRN2026083	TE-C	Information Technology	Cybersecurity, Cloud Computing	Python, Linux, AWS, Networking	Security Engineer	Independent focused work	Weekend	Advanced	Yes	4	4	5	3
Kriti Sharma	kriti.sharma84@example.com	PRN2026084	TE-C	Computer Science & Engineering	Data Science, AI/ML	Python, Pandas, SQL, Machine Learning	Data Scientist	Collaborative problem solving	Weekday Evening	Intermediate	Yes	3	5	3	4
Nakul Patil	nakul.patil85@example.com	PRN2026085	TE-C	Computer Science & Engineering	Web Development, App Development	Java, React, Node.js, Firebase	Full Stack Developer	Independent task completion	Weekday Night	Advanced	Yes	4	4	5	4
Madhura Shah	madhura.shah86@example.com	PRN2026086	TE-C	Computer Science & Engineering	UI/UX, Web Development	Figma, Canva, HTML/CSS, React	UI/UX Designer	Creative team collaboration	Weekend	Beginner	Yes	2	5	2	5
Siddhant More	siddhant.more87@example.com	PRN2026087	TE-C	Computer Science & Engineering	AI/ML, Cloud Computing	Python, AWS, Docker, TensorFlow	AI Engineer	Balanced independent and teamwork	Weekday Evening	Advanced	Yes	4	5	4	5
Aarohi Nair	aarohi.nair88@example.com	PRN2026088	TE-C	Information Technology	Data Science, Web Development	Python, SQL, Power BI, JavaScript	Data Analyst	Collaborative and discussion-oriented	Weekday Evening	Intermediate	No	2	4	3	4
Pratik Chavan	pratik.chavan89@example.com	PRN2026089	TE-C	Computer Science & Engineering	Cybersecurity, Networking	Linux, C++, Networking, Wireshark	Network Security Engineer	Independent technical work	Weekend	Intermediate	Yes	5	4	5	3
Kiran Deshmukh	kiran.deshmukh90@example.com	PRN2026090	TE-C	Computer Science & Engineering	Web Development, Cloud Computing	React, Node.js, AWS, Git	Cloud Developer	Balanced teamwork and individual work	Weekday Night	Intermediate	Yes	3	5	4	4
Sanya Kapoor	sanya.kapoor91@example.com	PRN2026091	TE-C	Computer Science & Engineering	AI/ML, UI/UX	Python, Figma, Machine Learning, Canva	AI/UX Researcher	Brainstorming and idea generation	Weekday Evening	Beginner	No	2	5	2	5
Abhay Kulkarni	abhay.kulkarni92@example.com	PRN2026092	TE-C	Information Technology	DevOps, Cloud Computing	AWS, Docker, Kubernetes, Linux	DevOps Engineer	Independent with clear responsibilities	Weekday Night	Advanced	Yes	5	4	5	3
Mrunmayi Patil	mrunmayi.patil93@example.com	PRN2026093	TE-C	Computer Science & Engineering	Web Development, App Development	Flutter, Dart, Firebase, Java	App Developer	Collaborative and creative	Weekend	Intermediate	Yes	3	5	3	5
Yash Mehta	yash.mehta94@example.com	PRN2026094	TE-C	Computer Science & Engineering	Data Science, AI/ML	Python, R, SQL, Pandas	Data Scientist	Focused independent work	Weekday Evening	Advanced	Yes	2	4	5	4
Roshni Shah	roshni.shah95@example.com	PRN2026095	TE-C	Computer Science & Engineering	UI/UX, Web Development	Figma, HTML/CSS, JavaScript, Photoshop	UI/UX Designer	Highly collaborative	Weekend	Beginner	Yes	3	5	2	5
Aniket Pawar	aniket.pawar96@example.com	PRN2026096	TE-C	Information Technology	Cybersecurity, AI/ML	Python, Linux, Machine Learning, Networking	Security AI Engineer	Independent with regular team meetings	Weekday Night	Advanced	Yes	4	4	5	4
Nikita Joshi	nikita.joshi97@example.com	PRN2026097	TE-C	Computer Science & Engineering	Web Development, AI/ML	JavaScript, React, Python, Flask	Full Stack Developer	Collaborative task division	Weekday Evening	Intermediate	Yes	3	5	3	5
Atharv Desai	atharv.desai98@example.com	PRN2026098	TE-C	Computer Science & Engineering	Cloud Computing, DevOps	AWS, Docker, Git, Linux	DevOps Engineer	Independent technical work	Weekend	Intermediate	Yes	4	4	5	3
Poonam More	poonam.more99@example.com	PRN2026099	TE-C	Computer Science & Engineering	AI/ML, Data Science	Python, NumPy, Pandas, Scikit-learn	ML Engineer	Team brainstorming and collaboration	Weekday Evening	Intermediate	Yes	3	5	3	5
Rudransh Patil	rudransh.patil100@example.com	PRN2026100	TE-C	Information Technology	Web Development, Cloud Computing	HTML/CSS, JavaScript, AWS, Git	Cloud Web Developer	Balanced teamwork and independent work	Weekday Night	Intermediate	Yes	4	4	4	4